commodity,model,mae,rmse,r2,direction_acc,n_test
corn,sarimax,0.02640625678903211,0.033404958713056904,0.16075334498294302,0.6666666666666666,24
corn,seasonal_naive,0.021420582059944904,0.02812639528746101,0.4050288706013062,0.6666666666666666,24
soybean,sarimax,0.01926435732050027,0.027822672378821686,0.10115516825172977,0.625,24
soybean,seasonal_naive,0.019745763854715662,0.025011036752982527,0.2736424906448026,0.5833333333333334,24
wheat,sarimax,0.024632861635244904,0.030435483903055036,0.1152349301762775,0.75,24
wheat,seasonal_naive,0.021761731263639544,0.029328129900862764,0.1784456704604459,0.7083333333333334,24
